HA_Name,amenity_dense,prox_idx_emp_wt,prox_idx_pharma_wt,prox_idx_childcare_wt,prox_idx_health_wt,prox_idx_grocery_wt,prox_idx_educpri_wt,prox_idx_educsec_wt,prox_idx_lib_wt,prox_idx_parks_wt,prox_idx_transit_wt,prox_idx_emp_med,prox_idx_pharma_med,prox_idx_childcare_med,prox_idx_health_med,prox_idx_grocery_med,prox_idx_educpri_med,prox_idx_educsec_med,prox_idx_lib_med,prox_idx_parks_med,prox_idx_transit_med,HRPOP
Fraser,0.17247672933016975,0.04556665641344696,0.031328650194444994,0.05325446703108005,0.015196912932817903,0.039356010969403415,0.09009406916760437,0.1010098916011093,0.02807489520322769,0.05443567085545398,0.010778048993430638,0.0353,0.0273,0.0495,0.0085,0.0443,0.0893,0.1086,0.0707,0.0453,0.0071,1729538.0
Interior,0.04765492559804106,0.008426092824746732,0.01164191502210984,0.01583554215321095,0.00586438421495632,0.01208470646568554,0.032590990976385084,0.03252073431878392,0.018175679202992838,0.021443543839312396,0.00228566678690948,0.0017,0.0242,0.0237,0.0022,0.045,0.06,0.0779,0.0824,0.0313,0.0027,740169.0
Northern,0.02566633761105627,0.005720804498269887,0.006346269103229535,0.021471524653979206,0.004807545054786628,0.009620678705305639,0.03771597534602073,0.041404395544982736,0.013345768814878903,0.029694588379469436,0.0015076293973471742,0.0018,0.0248,0.0318,0.0034,0.0417,0.0591,0.0831,0.0769,0.0344,0.0033,277440.0
Vancouver Coastal,0.46603044762553963,0.12268587601707914,0.11191800600705594,0.10016534233797189,0.04813575295091263,0.1292699977170334,0.12452923008735944,0.16870904117187535,0.06135832498029167,0.06665238668103039,0.04125005627155894,0.0932,0.0524,0.0856,0.021,0.0869,0.119,0.1719,0.0778,0.0482,0.029,1121348.0
Vancouver Island,0.10398860398860399,0.02277858764463324,0.020762968101651378,0.030978259691148168,0.012640061434812626,0.02614220997541317,0.0435759687921476,0.04073222268828943,0.022725840050077155,0.05465644375036278,0.009092319615903326,0.006999999999999999,0.027000000000000003,0.0311,0.0039,0.0506,0.0619,0.0729,0.0745,0.0554,0.0043,774805.0
